user,login_count,off_hour_logins,weekend_logins,unique_pcs_logon,off_hour_ratio,weekend_ratio,device_connections,unique_pcs_device
Dtaa/Aaa0371,536,290,0,16,0.541,0.0,0,0
Dtaa/Aac0344,345,166,0,1,0.4812,0.0,0,0
Dtaa/Aac0599,345,178,0,1,0.5159,0.0,0,0
Dtaa/Aah0734,345,0,0,1,0.0,0.0,0,0
Dtaa/Aak0658,345,0,0,1,0.0,0.0,0,0
Dtaa/Aak0924,345,0,0,1,0.0,0.0,0,0
Dtaa/Aar0508,345,345,0,1,1.0,0.0,0,0
Dtaa/Aas0709,639,172,0,19,0.2692,0.0,0,0
Dtaa/Abb0272,738,169,0,73,0.229,0.0,345,1
Dtaa/Abd0833,345,164,0,1,0.4754,0.0,0,0
Dtaa/Abg0179,345,0,0,1,0.0,0.0,0,0
Dtaa/Abh0963,345,345,0,1,1.0,0.0,0,0
Dtaa/Abl0836,345,189,0,1,0.5478,0.0,0,0
Dtaa/Abs0726,394,39,3,11,0.099,0.0076,31,1
Dtaa/Acd0647,345,345,0,1,1.0,0.0,0,0
Dtaa/Ach0803,411,349,0,48,0.8491,0.0,273,1
Dtaa/Acl0865,345,345,0,1,1.0,0.0,0,0
Dtaa/Acm0061,345,0,0,1,0.0,0.0,0,0
Dtaa/Acr0400,345,0,0,1,0.0,0.0,0,0
Dtaa/Adr0219,345,0,0,1,0.0,0.0,0,0
Dtaa/Aec0750,345,345,0,1,1.0,0.0,0,0
Dtaa/Aeg0905,345,0,0,1,0.0,0.0,0,0
Dtaa/Aew0730,345,0,0,1,0.0,0.0,0,0
Dtaa/Afd0868,345,0,0,1,0.0,0.0,0,0
Dtaa/Aff0760,116,67,2,2,0.5776,0.0172,3,1
Dtaa/Afg0122,458,346,0,74,0.7555,0.0,0,0
Dtaa/Afh0331,639,158,0,13,0.2473,0.0,274,1
Dtaa/Afn0918,647,178,0,18,0.2751,0.0,213,1
Dtaa/Afo0022,685,379,2,25,0.5533,0.0029,0,0
Dtaa/Afr0646,345,0,0,1,0.0,0.0,242,1
Dtaa/Agb0091,345,345,0,1,1.0,0.0,0,0
Dtaa/Agf0088,345,189,0,1,0.5478,0.0,0,0
Dtaa/Agg0562,345,0,0,1,0.0,0.0,0,0
Dtaa/Agw0182,744,367,1,66,0.4933,0.0013,185,1
Dtaa/Ahd0147,345,161,0,1,0.4667,0.0,0,0
Dtaa/Ahs0926,345,168,0,1,0.487,0.0,0,0
Dtaa/Ahv0103,605,0,0,1,0.0,0.0,0,0
Dtaa/Aib0797,676,47,3,1,0.0695,0.0044,108,1
Dtaa/Aic0321,345,163,0,1,0.4725,0.0,0,0
Dtaa/Aid0577,345,345,0,1,1.0,0.0,0,0
Dtaa/Aja0220,705,404,6,18,0.573,0.0085,163,1
Dtaa/Ajb0016,709,13,0,56,0.0183,0.0,310,1
Dtaa/Ajb0370,626,345,0,17,0.5511,0.0,104,1
Dtaa/Ajc0203,345,0,0,1,0.0,0.0,0,0
Dtaa/Ajc0266,701,0,0,55,0.0,0.0,310,1
Dtaa/Ajc0399,114,7,0,20,0.0614,0.0,35,1
Dtaa/Ajm0302,345,345,0,1,1.0,0.0,0,0
Dtaa/Ajn0804,742,348,0,71,0.469,0.0,0,0
Dtaa/Ajp0553,426,46,3,39,0.108,0.007,20,1
Dtaa/Ajs0917,345,345,0,1,1.0,0.0,0,0
Dtaa/Ajs0978,345,0,0,1,0.0,0.0,0,0
Dtaa/Aka0033,345,345,0,1,1.0,0.0,0,0
Dtaa/Akh0067,345,345,0,1,1.0,0.0,0,0
Dtaa/Akm0969,345,174,0,1,0.5043,0.0,0,0
Dtaa/Akp0173,345,345,0,1,1.0,0.0,0,0
Dtaa/Aks0283,744,45,7,45,0.0605,0.0094,6,1
Dtaa/Akw0582,666,39,2,1,0.0586,0.003,0,0
Dtaa/Alc0244,345,345,0,1,1.0,0.0,0,0
Dtaa/Alk0520,712,172,0,64,0.2416,0.0,0,0
Dtaa/All0155,345,0,0,1,0.0,0.0,0,0
Dtaa/Aln0201,345,345,0,1,1.0,0.0,0,0
Dtaa/Als0087,345,159,0,1,0.4609,0.0,0,0
Dtaa/Alw0250,345,345,0,1,1.0,0.0,0,0
Dtaa/Alw0694,621,345,0,1,0.5556,0.0,0,0
Dtaa/Alw0834,626,0,0,1,0.0,0.0,0,0
Dtaa/Ama0191,660,375,4,1,0.5682,0.0061,355,1
Dtaa/Ama0606,400,351,0,41,0.8775,0.0,0,0
Dtaa/Amd0432,345,0,0,1,0.0,0.0,0,0
Dtaa/Amh0101,345,172,0,1,0.4986,0.0,0,0
Dtaa/Amm0340,609,345,0,1,0.5665,0.0,0,0
Dtaa/Amm0661,345,345,0,1,1.0,0.0,0,0
Dtaa/Amm0830,345,156,0,1,0.4522,0.0,0,0
Dtaa/Ams0897,630,345,0,1,0.5476,0.0,0,0
Dtaa/Anc0012,622,0,0,1,0.0,0.0,0,0
Dtaa/Ans0172,345,345,0,1,1.0,0.0,0,0
Dtaa/Anw0351,345,0,0,1,0.0,0.0,0,0
Dtaa/Aoc0511,345,161,0,1,0.4667,0.0,0,0
Dtaa/Apc0769,345,165,0,1,0.4783,0.0,0,0
Dtaa/Aqg0678,212,59,0,11,0.2783,0.0,112,1
Dtaa/Arb0050,345,0,0,1,0.0,0.0,0,0
Dtaa/Arb0100,339,339,0,1,1.0,0.0,0,0
Dtaa/Arc0677,698,12,0,61,0.0172,0.0,0,0
Dtaa/Arf0269,345,180,0,1,0.5217,0.0,0,0
Dtaa/Arg0405,345,0,0,1,0.0,0.0,0,0
Dtaa/Ark0026,356,171,0,12,0.4803,0.0,242,1
Dtaa/Arm0416,626,345,0,1,0.5511,0.0,181,1
Dtaa/Arp0948,345,160,0,1,0.4638,0.0,0,0
Dtaa/Arr0758,345,0,0,1,0.0,0.0,0,0
Dtaa/Arr0878,345,172,0,1,0.4986,0.0,0,0
Dtaa/Arr0977,706,174,0,61,0.2465,0.0,136,1
Dtaa/Ars0993,2386,1527,0,856,0.64,0.0,0,0
Dtaa/Arw0541,345,0,0,1,0.0,0.0,0,0
Dtaa/Asc0132,399,346,0,44,0.8672,0.0,0,0
Dtaa/Aso0023,724,391,2,45,0.5401,0.0028,14,1
Dtaa/Asp0799,345,345,0,1,1.0,0.0,0,0
Dtaa/Asr0539,345,173,0,1,0.5014,0.0,0,0
Dtaa/Ass0824,345,158,0,1,0.458,0.0,0,0
Dtaa/Asv0049,659,0,0,42,0.0,0.0,37,1
Dtaa/Atj0284,351,351,1,1,1.0,0.0028,275,1
Dtaa/Aum0365,626,164,0,20,0.262,0.0,0,0
Dtaa/Awb0828,345,0,0,1,0.0,0.0,0,0
Dtaa/Axb0007,345,0,0,1,0.0,0.0,0,0
Dtaa/Azc0030,372,161,0,26,0.4328,0.0,138,1
Dtaa/Azs0738,345,175,0,1,0.5072,0.0,0,0
Dtaa/Bab0505,345,345,0,1,1.0,0.0,0,0
Dtaa/Bae0444,345,167,0,1,0.4841,0.0,0,0
Dtaa/Baf0379,435,38,3,40,0.0874,0.0069,157,1
Dtaa/Bah0774,345,174,0,1,0.5043,0.0,0,0
Dtaa/Bak0787,345,0,0,1,0.0,0.0,0,0
Dtaa/Bam0466,361,163,0,17,0.4515,0.0,0,0
Dtaa/Bbh0313,345,182,0,1,0.5275,0.0,0,0
Dtaa/Bbm0499,463,348,0,63,0.7516,0.0,0,0
Dtaa/Bbp0623,345,170,0,1,0.4928,0.0,0,0
Dtaa/Bcb0013,345,0,0,1,0.0,0.0,0,0
Dtaa/Bcg0303,345,345,0,1,1.0,0.0,0,0
Dtaa/Bcg0692,345,345,0,1,1.0,0.0,0,0
Dtaa/Bch0912,345,0,0,1,0.0,0.0,0,0
Dtaa/Bcj0800,371,0,0,24,0.0,0.0,178,1
Dtaa/Bcm0558,627,180,0,1,0.2871,0.0,0,0
Dtaa/Bcm0899,345,0,0,1,0.0,0.0,0,0
Dtaa/Bcr0547,345,345,0,1,1.0,0.0,0,0
Dtaa/Bcs0374,345,0,0,1,0.0,0.0,0,0
Dtaa/Bcv0109,345,345,0,1,1.0,0.0,0,0
Dtaa/Bcw0386,345,0,0,1,0.0,0.0,0,0
Dtaa/Bdh0038,691,345,0,49,0.4993,0.0,0,0
Dtaa/Bdi0634,345,0,0,1,0.0,0.0,0,0
Dtaa/Bfo0438,345,345,0,1,1.0,0.0,0,0
Dtaa/Bfo0974,110,110,0,1,1.0,0.0,0,0
Dtaa/Bfv0911,345,345,0,1,1.0,0.0,0,0
Dtaa/Bgf0236,632,0,0,1,0.0,0.0,312,1
Dtaa/Bgn0054,345,192,0,1,0.5565,0.0,0,0
Dtaa/Bgv0046,633,174,0,26,0.2749,0.0,0,0
Dtaa/Bgw0009,59,0,0,1,0.0,0.0,0,0
Dtaa/Bhh0460,141,0,0,1,0.0,0.0,0,0
Dtaa/Bim0736,345,345,0,1,1.0,0.0,0,0
Dtaa/Bir0534,791,399,5,63,0.5044,0.0063,8,1
Dtaa/Bjc0569,612,345,0,1,0.5637,0.0,238,1
Dtaa/Bjm0311,345,0,0,1,0.0,0.0,0,0
Dtaa/Bjm0992,2453,1207,0,866,0.4921,0.0,0,0
Dtaa/Bkh0156,345,0,0,1,0.0,0.0,0,0
Dtaa/Bkm0116,711,347,0,62,0.488,0.0,0,0
Dtaa/Blb0079,710,346,0,62,0.4873,0.0,0,0
Dtaa/Bls0098,377,165,0,32,0.4377,0.0,0,0
Dtaa/Bmk0943,628,0,0,1,0.0,0.0,0,0
Dtaa/Bml0618,345,345,0,1,1.0,0.0,0,0
Dtaa/Bmm0247,259,0,0,17,0.0,0.0,0,0
Dtaa/Bmr0412,735,0,0,62,0.0,0.0,0,0
Dtaa/Bmr0596,345,0,0,1,0.0,0.0,0,0
Dtaa/Bms0001,345,0,0,1,0.0,0.0,0,0
Dtaa/Bng0510,345,0,0,1,0.0,0.0,0,0
Dtaa/Bnl0480,345,345,0,1,1.0,0.0,0,0
Dtaa/Bnm0353,632,176,0,1,0.2785,0.0,0,0
Dtaa/Bnn0072,345,0,0,1,0.0,0.0,0,0
Dtaa/Bnw0850,136,71,0,1,0.5221,0.0,43,1
Dtaa/Bpb0808,677,349,0,49,0.5155,0.0,0,0
Dtaa/Bpc0533,686,5,0,55,0.0073,0.0,175,1
Dtaa/Bqw0149,345,0,0,1,0.0,0.0,0,0
Dtaa/Brb0908,345,0,0,1,0.0,0.0,0,0
Dtaa/Bsg0869,345,141,0,1,0.4087,0.0,0,0
Dtaa/Bsm0334,345,0,0,1,0.0,0.0,0,0
Dtaa/Bth0004,214,46,0,1,0.215,0.0,0,0
Dtaa/Bth0358,345,0,0,1,0.0,0.0,0,0
Dtaa/Btw0973,683,411,10,1,0.6018,0.0146,16,1
Dtaa/Bvm0716,345,0,0,1,0.0,0.0,0,0
Dtaa/Bws0872,673,1,0,50,0.0015,0.0,0,0
Dtaa/Bxy0648,345,0,0,1,0.0,0.0,0,0
Dtaa/Byb0347,622,174,0,1,0.2797,0.0,68,1
Dtaa/Bzh0120,345,0,0,1,0.0,0.0,0,0
Dtaa/Bzm0434,345,172,0,1,0.4986,0.0,0,0
Dtaa/Cac0854,638,169,0,12,0.2649,0.0,272,1
Dtaa/Cah0610,345,0,0,1,0.0,0.0,0,0
Dtaa/Cah0921,345,345,0,1,1.0,0.0,0,0
Dtaa/Cam0975,345,0,0,1,0.0,0.0,0,0
Dtaa/Cao0951,345,175,0,1,0.5072,0.0,0,0
Dtaa/Car0015,625,345,0,1,0.552,0.0,0,0
Dtaa/Cav0757,345,345,0,1,1.0,0.0,0,0
Dtaa/Caw0976,610,158,0,1,0.259,0.0,110,1
Dtaa/Cbb0075,627,345,0,1,0.5502,0.0,0,0
Dtaa/Cbc0653,345,0,0,1,0.0,0.0,0,0
Dtaa/Cbh0762,345,172,0,1,0.4986,0.0,0,0
Dtaa/Cbp0628,345,345,0,1,1.0,0.0,0,0
Dtaa/Cbr0104,642,1,0,23,0.0016,0.0,0,0
Dtaa/Cbr0208,345,0,0,1,0.0,0.0,0,0
Dtaa/Cbr0439,627,345,0,1,0.5502,0.0,0,0
Dtaa/Cca0349,345,0,0,1,0.0,0.0,0,0
Dtaa/Ccb0366,345,345,0,1,1.0,0.0,0,0
Dtaa/Ccb0496,630,345,0,1,0.5476,0.0,210,1
Dtaa/Ccg0876,626,173,0,18,0.2764,0.0,171,1
Dtaa/Cch0497,345,147,0,1,0.4261,0.0,0,0
Dtaa/Ccm0827,535,153,0,17,0.286,0.0,0,0
Dtaa/Cde0193,650,0,0,26,0.0,0.0,0,0
Dtaa/Cde0810,629,0,0,1,0.0,0.0,0,0
Dtaa/Cdf0585,345,345,0,1,1.0,0.0,0,0
Dtaa/Cdk0329,360,347,0,15,0.9639,0.0,0,0
Dtaa/Cdr0453,345,345,0,1,1.0,0.0,0,0
Dtaa/Cds0110,630,177,0,1,0.281,0.0,0,0
Dtaa/Cds0300,345,164,0,1,0.4754,0.0,0,0
Dtaa/Cdz0056,813,414,9,66,0.5092,0.0111,82,1
Dtaa/Ceb0718,345,345,0,1,1.0,0.0,0,0
Dtaa/Cgc0877,345,0,0,1,0.0,0.0,0,0
Dtaa/Cgh0125,345,345,0,1,1.0,0.0,0,0
Dtaa/Cgm0319,684,350,0,48,0.5117,0.0,0,0
Dtaa/Cgm0343,764,352,0,89,0.4607,0.0,134,1
Dtaa/Cgm0994,2555,1581,0,935,0.6188,0.0,0,0
Dtaa/Cgr0202,345,0,0,1,0.0,0.0,0,0
Dtaa/Cgt0183,345,345,0,1,1.0,0.0,0,0
Dtaa/Cha0174,779,44,4,72,0.0565,0.0051,344,1
Dtaa/Chm0645,413,180,0,49,0.4358,0.0,134,1
Dtaa/Chs0324,686,387,6,15,0.5641,0.0087,23,1
Dtaa/Cib0489,4,0,0,1,0.0,0.0,0,0
Dtaa/Cjg0638,740,0,0,72,0.0,0.0,0,0
Dtaa/Cjw0317,729,361,0,70,0.4952,0.0,272,1
Dtaa/Ckb0536,345,187,0,1,0.542,0.0,0,0
Dtaa/Ckr0296,608,0,0,1,0.0,0.0,0,0
Dtaa/Ckw0622,345,345,0,1,1.0,0.0,0,0
Dtaa/Clb0995,2418,1557,0,851,0.6439,0.0,0,0
Dtaa/Clk0383,684,388,4,18,0.5673,0.0058,10,1
Dtaa/Cln0999,2454,1209,0,869,0.4927,0.0,0,0
Dtaa/Clp0332,629,0,0,1,0.0,0.0,0,0
Dtaa/Cls0819,345,0,0,1,0.0,0.0,34,1
Dtaa/Cmc0814,345,345,0,1,1.0,0.0,0,0
Dtaa/Cmf0339,698,396,5,18,0.5673,0.0072,13,1
Dtaa/Cmm0900,345,0,0,1,0.0,0.0,0,0
Dtaa/Cmu0028,345,184,0,1,0.5333,0.0,0,0
Dtaa/Cnb0615,345,180,0,1,0.5217,0.0,0,0
Dtaa/Cns0950,345,0,0,1,0.0,0.0,0,0
Dtaa/Cnt0514,345,345,0,1,1.0,0.0,0,0
Dtaa/Cos0121,778,410,4,62,0.527,0.0051,115,1
Dtaa/Cpm0959,345,345,0,1,1.0,0.0,0,0
Dtaa/Cpp0761,351,0,0,7,0.0,0.0,173,1
Dtaa/Cps0559,629,345,0,1,0.5485,0.0,0,0
Dtaa/Crc0996,2415,1214,0,859,0.5027,0.0,0,0
Dtaa/Crf0074,620,0,0,1,0.0,0.0,0,0
Dtaa/Crj0934,345,0,0,1,0.0,0.0,0,0
Dtaa/Crm0058,171,0,0,1,0.0,0.0,0,0
Dtaa/Csa0071,345,0,0,1,0.0,0.0,0,0
Dtaa/Csb0363,345,345,0,1,1.0,0.0,0,0
Dtaa/Csc0297,657,366,2,11,0.5571,0.003,244,1
Dtaa/Csd0739,345,345,0,1,1.0,0.0,0,0
Dtaa/Csr0189,383,378,1,5,0.9869,0.0026,0,0
Dtaa/Ctf0687,394,49,8,1,0.1244,0.0203,0,0
Dtaa/Cth0082,402,49,2,9,0.1219,0.005,0,0
Dtaa/Cth0856,402,246,7,1,0.6119,0.0174,137,1
Dtaa/Ctr0537,477,264,0,1,0.5535,0.0,4,1
Dtaa/Cvw0133,670,345,0,36,0.5149,0.0,108,1
Dtaa/Cwg0305,670,55,8,14,0.0821,0.0119,59,1
Dtaa/Cyk0330,677,174,0,49,0.257,0.0,105,1
Dtaa/Czb0163,345,345,0,1,1.0,0.0,0,0
Dtaa/Dag0754,628,172,0,1,0.2739,0.0,0,0
Dtaa/Dao0613,409,338,0,59,0.8264,0.0,0,0
Dtaa/Dar0341,345,345,0,1,1.0,0.0,0,0
Dtaa/Dav0579,629,166,0,1,0.2639,0.0,345,1
Dtaa/Daw0123,220,220,0,1,1.0,0.0,0,0
Dtaa/Daw0199,146,69,0,1,0.4726,0.0,0,0
Dtaa/Daw0221,360,15,1,1,0.0417,0.0028,0,0
Dtaa/Dba0367,345,345,0,1,1.0,0.0,0,0
Dtaa/Dbb0235,648,0,0,38,0.0,0.0,247,1
Dtaa/Dbf0903,740,347,0,63,0.4689,0.0,172,1
Dtaa/Dbg0686,345,345,0,1,1.0,0.0,0,0
Dtaa/Dbm0698,616,345,0,1,0.5601,0.0,0,0
Dtaa/Dcb0462,640,348,0,20,0.5438,0.0,0,0
Dtaa/Dcc0600,413,348,0,62,0.8426,0.0,74,1
Dtaa/Dcf0307,345,166,0,1,0.4812,0.0,0,0
Dtaa/Dcm0725,345,0,0,1,0.0,0.0,0,0
Dtaa/Ddd0915,644,190,0,14,0.295,0.0,0,0
Dtaa/Ddj0535,345,345,0,1,1.0,0.0,0,0
Dtaa/Ddk0417,775,43,4,70,0.0555,0.0052,219,1
Dtaa/Ddw0643,625,345,0,1,0.552,0.0,0,0
Dtaa/Dep0563,345,345,0,1,1.0,0.0,0,0
Dtaa/Dfw0798,609,0,0,1,0.0,0.0,239,1
Dtaa/Dfz0063,673,52,7,8,0.0773,0.0104,32,1
Dtaa/Dgm0240,742,0,0,72,0.0,0.0,0,0
Dtaa/Dis0382,703,227,6,15,0.3229,0.0085,326,1
Dtaa/Djc0162,345,176,0,1,0.5101,0.0,0,0
Dtaa/Djw0368,673,215,5,1,0.3195,0.0074,0,0
Dtaa/Dkb0409,345,0,0,1,0.0,0.0,0,0
Dtaa/Dkr0696,345,0,0,1,0.0,0.0,0,0
Dtaa/Dlm0723,461,350,0,68,0.7592,0.0,0,0
Dtaa/Dme0620,345,0,0,1,0.0,0.0,0,0
Dtaa/Dmr0377,748,181,0,67,0.242,0.0,0,0
Dtaa/Dnh0619,345,0,0,1,0.0,0.0,0,0
Dtaa/Dnm0143,345,0,0,1,0.0,0.0,0,0
Dtaa/Dns0937,718,0,0,56,0.0,0.0,0,0
Dtaa/Doc0003,345,0,0,1,0.0,0.0,0,0
Dtaa/Doo0986,345,0,0,1,0.0,0.0,0,0
Dtaa/Drd0916,345,180,0,1,0.5217,0.0,0,0
Dtaa/Drh0790,345,345,0,1,1.0,0.0,0,0
Dtaa/Drm0312,626,345,0,1,0.5511,0.0,0,0
Dtaa/Drn0845,736,0,0,63,0.0,0.0,0,0
Dtaa/Dro0126,626,159,0,18,0.254,0.0,0,0
Dtaa/Dro0516,345,0,0,1,0.0,0.0,0,0
Dtaa/Drp0428,703,359,0,59,0.5107,0.0,0,0
Dtaa/Dsb0887,356,170,0,12,0.4775,0.0,0,0
Dtaa/Dsh0627,364,193,3,1,0.5302,0.0082,9,1
Dtaa/Dsm0990,2493,1247,1,886,0.5002,0.0004,0,0
Dtaa/Dss0112,626,345,0,1,0.5511,0.0,0,0
Dtaa/Dst0527,345,345,0,1,1.0,0.0,0,0
Dtaa/Dst0857,345,167,0,1,0.4841,0.0,0,0
Dtaa/Dtd0380,627,0,0,1,0.0,0.0,0,0
Dtaa/Dwb0426,345,345,0,1,1.0,0.0,0,0
Dtaa/Dwf0128,275,0,0,35,0.0,0.0,0,0
Dtaa/Dxm0213,345,345,0,1,1.0,0.0,0,0
Dtaa/Eam0745,345,0,0,1,0.0,0.0,0,0
Dtaa/Ear0695,345,345,0,1,1.0,0.0,0,0
Dtaa/Ebp0037,362,346,0,18,0.9558,0.0,247,1
Dtaa/Ebs0287,627,0,0,1,0.0,0.0,0,0
Dtaa/Ecb0185,383,177,0,36,0.4621,0.0,0,0
Dtaa/Ecb0494,345,0,0,1,0.0,0.0,0,0
Dtaa/Ecd0029,334,0,0,1,0.0,0.0,0,0
Dtaa/Ecg0753,345,345,0,1,1.0,0.0,0,0
Dtaa/Ecm0214,713,180,0,64,0.2525,0.0,75,1
Dtaa/Ect0491,345,0,0,1,0.0,0.0,0,0
Dtaa/Edc0357,345,345,0,1,1.0,0.0,0,0
Dtaa/Edg0766,345,0,0,1,0.0,0.0,0,0
Dtaa/Edh0146,717,170,0,64,0.2371,0.0,206,1
Dtaa/Edr0642,345,170,0,1,0.4928,0.0,0,0
Dtaa/Edw0137,345,345,0,1,1.0,0.0,0,0
Dtaa/Eeb0134,630,0,0,1,0.0,0.0,0,0
Dtaa/Eek0031,345,0,0,1,0.0,0.0,0,0
Dtaa/Efs0114,345,345,0,1,1.0,0.0,0,0
Dtaa/Egg0294,345,182,0,1,0.5275,0.0,0,0
Dtaa/Egm0401,643,349,0,18,0.5428,0.0,65,1
Dtaa/Ejb0888,345,162,0,1,0.4696,0.0,0,0
Dtaa/Ejs0513,624,0,0,1,0.0,0.0,0,0
Dtaa/Ekb0587,345,174,0,1,0.5043,0.0,0,0
Dtaa/Ela0741,624,184,0,1,0.2949,0.0,98,1
Dtaa/Eld1000,2450,1270,0,877,0.5184,0.0,0,0
Dtaa/Eml0060,345,0,0,1,0.0,0.0,0,0
Dtaa/Emm0782,345,167,0,1,0.4841,0.0,0,0
Dtaa/Emr0242,417,60,5,13,0.1439,0.012,38,1
Dtaa/Emz0196,656,173,0,42,0.2637,0.0,168,1
Dtaa/Enb0293,345,194,0,1,0.5623,0.0,0,0
Dtaa/End0616,345,169,0,1,0.4899,0.0,0,0
Dtaa/Enp0794,345,0,0,1,0.0,0.0,0,0
Dtaa/Eos0972,762,404,3,56,0.5302,0.0039,28,1
Dtaa/Erp0254,384,347,0,37,0.9036,0.0,105,1
Dtaa/Esb0080,615,155,0,6,0.252,0.0,212,1
Dtaa/Ewr0504,627,346,0,15,0.5518,0.0,34,1
Dtaa/Faf0578,345,0,0,1,0.0,0.0,0,0
Dtaa/Fcg0115,345,345,0,1,1.0,0.0,0,0
Dtaa/Fct0552,345,168,0,1,0.487,0.0,0,0
Dtaa/Fdp0500,716,346,0,74,0.4832,0.0,245,1
Dtaa/Fes0933,345,345,0,1,1.0,0.0,0,0
Dtaa/Ffp0721,628,349,0,20,0.5557,0.0,133,1
Dtaa/Fgm0119,345,0,0,1,0.0,0.0,0,0
Dtaa/Fhm0931,360,0,0,15,0.0,0.0,36,1
Dtaa/Fim0668,345,345,0,1,1.0,0.0,0,0
Dtaa/Fjc0138,345,345,0,1,1.0,0.0,0,0
Dtaa/Fkr0550,746,407,9,53,0.5456,0.0121,155,1
Dtaa/Flc0811,345,345,0,1,1.0,0.0,0,0
Dtaa/Fmf0197,345,167,0,1,0.4841,0.0,0,0
Dtaa/Fno0471,345,178,0,1,0.5159,0.0,0,0
Dtaa/Ftb0295,127,0,0,1,0.0,0.0,0,0
Dtaa/Fua0154,677,0,0,40,0.0,0.0,69,1
Dtaa/Gbr0420,630,345,0,1,0.5476,0.0,0,0
Dtaa/Gch0545,345,0,0,1,0.0,0.0,0,0
Dtaa/Gdg0184,669,171,0,41,0.2556,0.0,0,0
Dtaa/Gdj0631,625,345,0,1,0.552,0.0,0,0
Dtaa/Gec0077,345,0,0,1,0.0,0.0,0,0
Dtaa/Ghb0863,627,186,0,19,0.2967,0.0,0,0
Dtaa/Ghc0041,624,345,0,16,0.5529,0.0,171,1
Dtaa/Ghs0664,345,0,0,1,0.0,0.0,0,0
Dtaa/Gjg0820,345,345,0,1,1.0,0.0,0,0
Dtaa/Gjh0384,345,0,0,1,0.0,0.0,0,0
Dtaa/Gkc0919,370,362,1,9,0.9784,0.0027,0,0
Dtaa/Gkj0573,345,182,0,1,0.5275,0.0,102,1
Dtaa/Glb0715,710,0,0,57,0.0,0.0,0,0
Dtaa/Gmf0571,625,345,0,1,0.552,0.0,0,0
Dtaa/Gml0105,515,9,0,24,0.0175,0.0,9,1
Dtaa/Gms0949,345,345,0,1,1.0,0.0,0,0
Dtaa/Gnb0481,345,0,0,1,0.0,0.0,0,0
Dtaa/Gnh0394,661,351,0,36,0.531,0.0,169,1
Dtaa/Grc0474,626,345,0,1,0.5511,0.0,0,0
Dtaa/Grg0693,384,39,2,1,0.1016,0.0052,166,1
Dtaa/Grs0372,702,15,2,52,0.0214,0.0028,144,1
Dtaa/Gsl0697,375,346,0,27,0.9227,0.0,209,1
Dtaa/Gtj0243,345,345,0,1,1.0,0.0,0,0
Dtaa/Gtr0327,345,0,0,1,0.0,0.0,0,0
Dtaa/Gvh0277,361,0,0,15,0.0,0.0,139,1
Dtaa/Gws0381,345,0,0,1,0.0,0.0,0,0
Dtaa/Gyb0248,345,178,0,1,0.5159,0.0,0,0
Dtaa/Gyt0279,670,195,3,23,0.291,0.0045,4,1
Dtaa/Hag0649,717,186,0,51,0.2594,0.0,6,1
Dtaa/Has0430,627,178,0,1,0.2839,0.0,0,0
Dtaa/Hbb0402,697,176,0,61,0.2525,0.0,0,0
Dtaa/Hbf0035,609,345,0,1,0.5665,0.0,0,0
Dtaa/Hbl0517,626,171,0,14,0.2732,0.0,280,1
Dtaa/Hcc0258,741,164,0,62,0.2213,0.0,0,0
Dtaa/Hcg0731,758,70,8,54,0.0923,0.0106,346,1
Dtaa/Hcj0171,397,199,1,43,0.5013,0.0025,0,0
Dtaa/Hcm0681,691,353,0,48,0.5109,0.0,0,0
Dtaa/Hcp0315,626,179,0,1,0.2859,0.0,0,0
Dtaa/Hcr0525,345,167,0,1,0.4841,0.0,0,0
Dtaa/Hcr0795,345,345,0,1,1.0,0.0,38,1
Dtaa/Hdb0655,208,166,0,35,0.7981,0.0,0,0
Dtaa/Hdr0261,623,181,0,1,0.2905,0.0,210,1
Dtaa/Hdr0823,751,0,0,70,0.0,0.0,140,1
Dtaa/Hed0802,711,0,0,59,0.0,0.0,0,0
Dtaa/Heg0785,345,0,0,1,0.0,0.0,0,0
Dtaa/Her0860,233,111,0,1,0.4764,0.0,0,0
Dtaa/Hfc0680,345,0,0,1,0.0,0.0,0,0
Dtaa/Hib0604,345,0,0,1,0.0,0.0,137,1
Dtaa/Hip0929,345,345,0,1,1.0,0.0,0,0
Dtaa/Hjk0057,609,345,0,1,0.5665,0.0,0,0
Dtaa/Hjp0784,610,345,0,1,0.5656,0.0,0,0
Dtaa/Hkg0503,345,345,0,1,1.0,0.0,0,0
Dtaa/Hkm0260,665,2,0,39,0.003,0.0,133,1
Dtaa/Hko0796,345,345,0,1,1.0,0.0,0,0
Dtaa/Hla0457,345,345,0,1,1.0,0.0,0,0
Dtaa/Hnf0812,178,0,0,21,0.0,0.0,88,1
Dtaa/Hnk0421,345,169,0,1,0.4899,0.0,0,0
Dtaa/Hnr0891,615,0,0,1,0.0,0.0,0,0
Dtaa/Hns0858,727,237,5,31,0.326,0.0069,35,1
Dtaa/Hoo0224,345,345,0,1,1.0,0.0,0,0
Dtaa/Hpf0958,345,345,0,1,1.0,0.0,0,0
Dtaa/Hpn0821,345,0,0,1,0.0,0.0,0,0
Dtaa/Hrk0729,345,345,0,1,1.0,0.0,0,0
Dtaa/Hrt0737,344,170,0,1,0.4942,0.0,0,0
Dtaa/Hsd0519,673,0,0,51,0.0,0.0,137,1
Dtaa/Hsh0981,345,0,0,1,0.0,0.0,0,0
Dtaa/Hsm0389,628,345,0,1,0.5494,0.0,0,0
Dtaa/Hsr0472,629,0,0,1,0.0,0.0,276,1
Dtaa/Htc0607,739,200,2,60,0.2706,0.0027,246,1
Dtaa/Htg0554,345,345,0,1,1.0,0.0,0,0
Dtaa/Hts0265,457,65,3,40,0.1422,0.0066,68,1
Dtaa/Hwg0148,628,188,0,1,0.2994,0.0,0,0
Dtaa/Iac0264,345,345,0,1,1.0,0.0,0,0
Dtaa/Iag0152,373,219,5,1,0.5871,0.0134,0,0
Dtaa/Iah0822,636,346,0,19,0.544,0.0,0,0
Dtaa/Icb0779,295,0,0,1,0.0,0.0,0,0
Dtaa/Icf0629,345,345,0,1,1.0,0.0,0,0
Dtaa/Igb0310,345,0,0,1,0.0,0.0,0,0
Dtaa/Igc0415,345,345,0,1,1.0,0.0,0,0
Dtaa/Ihd0259,345,0,0,1,0.0,0.0,0,0
Dtaa/Ihf0040,629,345,0,1,0.5485,0.0,0,0
Dtaa/Iir0475,629,345,0,1,0.5485,0.0,0,0
Dtaa/Ijg0454,345,0,0,1,0.0,0.0,0,0
Dtaa/Ijj0342,83,83,0,1,1.0,0.0,0,0
Dtaa/Ikh0904,750,57,3,56,0.076,0.004,336,1
Dtaa/Imb0473,654,361,2,14,0.552,0.0031,0,0
Dtaa/Imd0280,345,0,0,1,0.0,0.0,0,0
Dtaa/Imd0776,345,187,0,1,0.542,0.0,0,0
Dtaa/Imf0700,345,174,0,1,0.5043,0.0,0,0
Dtaa/Imw0965,345,345,0,1,1.0,0.0,0,0
Dtaa/Irc0991,2649,1539,0,872,0.581,0.0,171,1
Dtaa/Irh0176,88,1,0,11,0.0114,0.0,0,0
Dtaa/Itc0131,345,0,0,1,0.0,0.0,0,0
Dtaa/Ivf0777,345,182,0,1,0.5275,0.0,0,0
Dtaa/Ivs0463,345,0,0,1,0.0,0.0,0,0
Dtaa/Iwm0482,345,0,0,1,0.0,0.0,35,1
Dtaa/Jac0390,345,0,0,1,0.0,0.0,0,0
Dtaa/Jad0531,380,169,0,30,0.4447,0.0,38,1
Dtaa/Jah0544,745,232,2,51,0.3114,0.0027,37,1
Dtaa/Jam0392,639,346,0,16,0.5415,0.0,281,1
Dtaa/Jba0373,650,352,0,25,0.5415,0.0,0,0
Dtaa/Jbl0450,377,32,4,1,0.0849,0.0106,32,1
Dtaa/Jbs0483,628,167,0,1,0.2659,0.0,104,1
Dtaa/Jbs0654,345,0,0,1,0.0,0.0,0,0
Dtaa/Jcc0140,745,3,0,62,0.004,0.0,0,0
Dtaa/Jcc0998,2490,1592,0,881,0.6394,0.0,0,0
Dtaa/Jcg0817,345,0,0,1,0.0,0.0,0,0
Dtaa/Jcl0752,345,345,0,1,1.0,0.0,0,0
Dtaa/Jcs0873,675,388,0,1,0.5748,0.0,143,1
Dtaa/Jct0410,629,345,0,1,0.5485,0.0,36,1
Dtaa/Jdm0083,345,189,0,1,0.5478,0.0,0,0
Dtaa/Jdm0940,345,0,0,1,0.0,0.0,0,0
Dtaa/Jdr0685,699,346,0,50,0.495,0.0,0,0
Dtaa/Jfa0081,345,345,0,1,1.0,0.0,0,0
Dtaa/Jgb0062,636,159,0,25,0.25,0.0,67,1
Dtaa/Jgc0775,683,393,3,18,0.5754,0.0044,49,1
Dtaa/Jgs0274,345,345,0,1,1.0,0.0,0,0
Dtaa/Jha0404,740,364,0,72,0.4919,0.0,0,0
Dtaa/Jhc0703,358,2,0,11,0.0056,0.0,0,0
Dtaa/Jhd0512,729,38,6,57,0.0521,0.0082,53,1
Dtaa/Jhm0408,629,345,0,1,0.5485,0.0,38,1
Dtaa/Jhn0241,43,24,0,1,0.5581,0.0,0,0
Dtaa/Jih0640,345,0,0,1,0.0,0.0,0,0
Dtaa/Jip0187,345,181,0,1,0.5246,0.0,0,0
Dtaa/Jjb0720,345,345,0,1,1.0,0.0,0,0
Dtaa/Jjr0278,706,353,0,58,0.5,0.0,210,1
Dtaa/Jkw0464,345,0,0,1,0.0,0.0,0,0
Dtaa/Jlc0711,630,188,0,1,0.2984,0.0,0,0
Dtaa/Jlc0744,394,179,0,37,0.4543,0.0,134,1
Dtaa/Jll0301,398,28,5,26,0.0704,0.0126,154,1
Dtaa/Jll0930,345,0,0,1,0.0,0.0,0,0
Dtaa/Jlm0053,612,12,1,19,0.0196,0.0016,327,1
Dtaa/Jlv0465,270,151,0,1,0.5593,0.0,0,0
Dtaa/Jma0875,345,0,0,1,0.0,0.0,0,0
Dtaa/Jmc0233,631,345,0,1,0.5468,0.0,0,0
Dtaa/Jmm0759,713,64,8,22,0.0898,0.0112,10,1
Dtaa/Jmp0200,345,345,0,1,1.0,0.0,0,0
Dtaa/Jmr0906,345,345,0,1,1.0,0.0,0,0
Dtaa/Jmr0955,345,345,0,1,1.0,0.0,0,0
Dtaa/Jms0793,345,345,0,1,1.0,0.0,345,1
Dtaa/Jnf0543,678,351,0,41,0.5177,0.0,213,1
Dtaa/Jpp0841,345,153,0,1,0.4435,0.0,0,0
Dtaa/Jqh0724,345,0,0,1,0.0,0.0,0,0
Dtaa/Jrm0902,24,12,0,1,0.5,0.0,0,0
Dtaa/Jrp0458,345,345,0,1,1.0,0.0,0,0
Dtaa/Jsb0493,627,0,0,17,0.0,0.0,234,1
Dtaa/Jse0020,701,170,0,57,0.2425,0.0,3,1
Dtaa/Jsh0326,630,192,0,1,0.3048,0.0,0,0
Dtaa/Jsh0598,345,345,0,1,1.0,0.0,0,0
Dtaa/Jsw0180,639,0,0,17,0.0,0.0,110,1
Dtaa/Jtt0989,2432,1517,0,866,0.6238,0.0,0,0
Dtaa/Jww0076,345,0,0,1,0.0,0.0,0,0
Dtaa/Jxc0393,696,0,0,50,0.0,0.0,0,0
Dtaa/Jxg0567,345,345,0,1,1.0,0.0,0,0
Dtaa/Jzo0727,658,161,0,39,0.2447,0.0,246,1
Dtaa/Jzv0159,345,345,0,1,1.0,0.0,0,0
Dtaa/Kad0059,694,409,8,14,0.5893,0.0115,31,1
Dtaa/Kag0880,723,352,0,69,0.4869,0.0,0,0
Dtaa/Kbb0983,345,0,0,1,0.0,0.0,40,1
Dtaa/Kbc0337,345,345,0,1,1.0,0.0,0,0
Dtaa/Kbc0788,345,0,0,1,0.0,0.0,0,0
Dtaa/Kbp0188,345,345,0,1,1.0,0.0,0,0
Dtaa/Kch0987,345,345,0,1,1.0,0.0,0,0
Dtaa/Kcn0107,345,0,0,1,0.0,0.0,0,0
Dtaa/Kdc0928,345,345,0,1,1.0,0.0,0,0
Dtaa/Kdl0806,748,164,0,73,0.2193,0.0,0,0
Dtaa/Kee0997,2471,1344,0,917,0.5439,0.0,0,0
Dtaa/Keh0055,345,162,0,1,0.4696,0.0,0,0
Dtaa/Kes0043,345,0,0,1,0.0,0.0,0,0
Dtaa/Kff0225,345,179,0,1,0.5188,0.0,0,0
Dtaa/Kgc0456,345,345,0,1,1.0,0.0,0,0
Dtaa/Kgs0398,692,12,2,44,0.0173,0.0029,70,1
Dtaa/Kim0617,345,186,0,1,0.5391,0.0,0,0
Dtaa/Kin0073,458,351,0,69,0.7664,0.0,0,0
Dtaa/Kjg0378,460,347,0,66,0.7543,0.0,0,0
Dtaa/Kjm0614,605,178,0,1,0.2942,0.0,0,0
Dtaa/Kkc0575,345,0,0,1,0.0,0.0,0,0
Dtaa/Kkt0039,734,163,0,69,0.2221,0.0,0,0
Dtaa/Kkw0676,626,0,0,1,0.0,0.0,308,1
Dtaa/Kkw0945,636,345,0,18,0.5425,0.0,74,1
Dtaa/Kls0717,684,347,0,52,0.5073,0.0,71,1
Dtaa/Kmc0840,345,345,0,1,1.0,0.0,0,0
Dtaa/Kmg0002,345,0,0,1,0.0,0.0,0,0
Dtaa/Kmw0755,345,0,0,1,0.0,0.0,0,0
Dtaa/Knc0403,345,162,0,1,0.4696,0.0,0,0
Dtaa/Knh0719,345,167,0,1,0.4841,0.0,0,0
Dtaa/Knj0633,345,0,0,1,0.0,0.0,0,0
Dtaa/Kpb0665,185,98,0,1,0.5297,0.0,0,0
Dtaa/Kpc0158,345,345,0,1,1.0,0.0,0,0
Dtaa/Kps0299,345,175,0,1,0.5072,0.0,0,0
Dtaa/Krc0021,746,362,0,68,0.4853,0.0,0,0
Dtaa/Krc0455,737,165,0,73,0.2239,0.0,0,0
Dtaa/Krd0507,606,345,0,1,0.5693,0.0,0,0
Dtaa/Ksb0673,623,346,0,17,0.5554,0.0,274,1
Dtaa/Kso0749,345,169,0,1,0.4899,0.0,0,0
Dtaa/Ksp0927,403,23,4,35,0.0571,0.0099,15,1
Dtaa/Ksw0597,345,172,0,1,0.4986,0.0,65,1
Dtaa/Ktc0285,345,173,0,1,0.5014,0.0,0,0
Dtaa/Ktm0960,345,177,0,1,0.513,0.0,0,0
Dtaa/Kuc0848,345,0,0,1,0.0,0.0,0,0
Dtaa/Kvh0355,609,0,0,1,0.0,0.0,0,0
Dtaa/Kyh0920,345,0,0,1,0.0,0.0,0,0
Dtaa/Lah0397,345,0,0,1,0.0,0.0,0,0
Dtaa/Lah0710,345,183,0,1,0.5304,0.0,0,0
Dtaa/Lal0170,345,345,0,1,1.0,0.0,0,0
Dtaa/Lam0952,345,0,0,1,0.0,0.0,0,0
Dtaa/Lat0452,345,345,0,1,1.0,0.0,0,0
Dtaa/Law0437,345,345,0,1,1.0,0.0,0,0
Dtaa/Lbb0095,747,11,0,99,0.0147,0.0,104,1
Dtaa/Lbc0422,345,345,0,1,1.0,0.0,0,0
Dtaa/Lbd0946,345,345,0,1,1.0,0.0,0,0
Dtaa/Lcc0556,345,167,0,1,0.4841,0.0,0,0
Dtaa/Lcg0011,345,0,0,1,0.0,0.0,0,0
Dtaa/Lcg0546,628,181,0,1,0.2882,0.0,175,1
Dtaa/Lck0551,345,0,0,1,0.0,0.0,0,0
Dtaa/Lck0666,681,171,0,49,0.2511,0.0,272,1
Dtaa/Lcl0792,345,345,0,1,1.0,0.0,0,0
Dtaa/Lcp0359,345,0,0,1,0.0,0.0,0,0
Dtaa/Ldb0961,676,178,0,51,0.2633,0.0,0,0
Dtaa/Ldg0406,642,0,0,12,0.0,0.0,0,0
Dtaa/Ldm0318,260,260,0,1,1.0,0.0,0,0
Dtaa/Leh0561,345,0,0,1,0.0,0.0,0,0
Dtaa/Lga0042,345,0,0,1,0.0,0.0,0,0
Dtaa/Lgv0288,345,187,0,1,0.542,0.0,0,0
Dtaa/Lib0089,345,345,0,1,1.0,0.0,0,0
Dtaa/Lid0942,670,183,0,45,0.2731,0.0,136,1
Dtaa/Ljb0492,345,0,0,1,0.0,0.0,0,0
Dtaa/Ljr0772,410,393,9,18,0.9585,0.022,101,1
Dtaa/Lju0036,345,0,0,1,0.0,0.0,0,0
Dtaa/Lky0181,202,13,0,1,0.0644,0.0,5,1
Dtaa/Llb0843,609,182,0,1,0.2989,0.0,0,0
Dtaa/Llk0316,345,0,0,1,0.0,0.0,0,0
Dtaa/Lmh0690,345,166,0,1,0.4812,0.0,0,0
Dtaa/Lmj0323,107,107,0,1,1.0,0.0,0,0
Dtaa/Lnd0767,345,345,0,1,1.0,0.0,0,0
Dtaa/Lnm0509,345,0,0,1,0.0,0.0,0,0
Dtaa/Lpb0141,345,0,0,1,0.0,0.0,0,0
Dtaa/Lpg0099,691,0,0,51,0.0,0.0,247,1
Dtaa/Lqa0232,611,0,0,1,0.0,0.0,0,0
Dtaa/Lrh0747,737,196,0,64,0.2659,0.0,169,1
Dtaa/Lrs0325,345,0,0,1,0.0,0.0,0,0
Dtaa/Lsv0944,345,345,0,1,1.0,0.0,0,0
Dtaa/Ltb0150,345,0,0,1,0.0,0.0,0,0
Dtaa/Ltm0418,725,172,0,72,0.2372,0.0,236,1
Dtaa/Lvc0027,345,162,0,1,0.4696,0.0,0,0
Dtaa/Lyc0672,345,0,0,1,0.0,0.0,0,0
Dtaa/Mab0532,397,169,0,39,0.4257,0.0,71,1
Dtaa/Mag0290,370,0,0,22,0.0,0.0,139,1
Dtaa/Mah0712,345,0,0,1,0.0,0.0,0,0
Dtaa/Mam0947,345,173,0,1,0.5014,0.0,0,0
Dtaa/Mbd0602,345,0,0,1,0.0,0.0,0,0
Dtaa/Mbr0166,641,0,0,25,0.0,0.0,0,0
Dtaa/Mbz0932,345,345,0,1,1.0,0.0,0,0
Dtaa/Mcc0851,345,0,0,1,0.0,0.0,0,0
Dtaa/Mcf0427,376,31,3,1,0.0824,0.008,23,1
Dtaa/Mcf0985,614,0,0,1,0.0,0.0,0,0
Dtaa/Mch0530,743,385,0,79,0.5182,0.0,6,1
Dtaa/Mcm0090,345,189,0,1,0.5478,0.0,0,0
Dtaa/Mcm0346,694,345,0,52,0.4971,0.0,246,1
Dtaa/Mcr0314,345,345,0,1,1.0,0.0,0,0
Dtaa/Mcr0375,656,349,0,24,0.532,0.0,0,0
Dtaa/Mdc0595,345,170,0,1,0.4928,0.0,0,0
Dtaa/Mds0742,345,171,0,1,0.4957,0.0,0,0
Dtaa/Mdt0356,694,167,0,54,0.2406,0.0,0,0
Dtaa/Med0748,345,345,0,1,1.0,0.0,0,0
Dtaa/Mev0886,661,361,2,18,0.5461,0.003,5,1
Dtaa/Mfn0656,345,345,0,1,1.0,0.0,0,0
Dtaa/Mgb0728,345,345,0,1,1.0,0.0,0,0
Dtaa/Mgf0743,345,345,0,1,1.0,0.0,0,0
Dtaa/Mgy0732,482,0,0,42,0.0,0.0,0,0
Dtaa/Mhm0988,345,345,0,1,1.0,0.0,0,0
Dtaa/Mic0914,776,31,3,74,0.0399,0.0039,258,1
Dtaa/Mih0429,345,0,0,1,0.0,0.0,0,0
Dtaa/Mik0034,677,353,0,49,0.5214,0.0,276,1
Dtaa/Mjf0892,716,176,0,62,0.2458,0.0,0,0
Dtaa/Mjk0212,345,169,0,1,0.4899,0.0,0,0
Dtaa/Mjm0228,352,7,0,1,0.0199,0.0,138,1
Dtaa/Mjm0469,627,345,0,1,0.5502,0.0,345,1
Dtaa/Mjp0603,345,170,0,1,0.4928,0.0,0,0
Dtaa/Mkg0273,345,171,0,1,0.4957,0.0,0,0
Dtaa/Mkn0234,345,0,0,1,0.0,0.0,0,0
Dtaa/Mlc0238,345,163,0,1,0.4725,0.0,0,0
Dtaa/Mmf0289,724,172,0,69,0.2376,0.0,345,1
Dtaa/Mmh0581,638,348,0,21,0.5455,0.0,0,0
Dtaa/Mmh0612,621,0,0,17,0.0,0.0,275,1
Dtaa/Mnb0956,374,159,0,26,0.4251,0.0,0,0
Dtaa/Mnd0048,62,34,0,1,0.5484,0.0,0,0
Dtaa/Mnd0675,345,345,0,1,1.0,0.0,0,0
Dtaa/Moa0526,345,0,0,1,0.0,0.0,0,0
Dtaa/Mpa0136,345,180,0,1,0.5217,0.0,0,0
Dtaa/Mql0135,669,368,4,18,0.5501,0.006,356,1
Dtaa/Mrl0518,32,29,0,4,0.9062,0.0,0,0
Dtaa/Mrm0205,345,186,0,1,0.5391,0.0,0,0
Dtaa/Mrs0395,345,0,0,1,0.0,0.0,0,0
Dtaa/Msh0322,345,345,0,1,1.0,0.0,0,0
Dtaa/Msk0862,345,177,0,1,0.513,0.0,0,0
Dtaa/Msm0226,641,0,0,31,0.0,0.0,0,0
Dtaa/Msp0078,345,0,0,1,0.0,0.0,0,0
Dtaa/Mst0883,166,166,0,1,1.0,0.0,0,0
Dtaa/Msv0506,671,403,5,1,0.6006,0.0075,0,0
Dtaa/Mtc0538,345,345,0,1,1.0,0.0,0,0
Dtaa/Mtm0239,345,0,0,1,0.0,0.0,0,0
Dtaa/Mts0084,345,0,0,1,0.0,0.0,0,0
Dtaa/Mvl0885,345,345,0,1,1.0,0.0,0,0
Dtaa/Mvp0572,635,199,0,9,0.3134,0.0,0,0
Dtaa/Mvw0630,703,389,5,26,0.5533,0.0071,345,1
Dtaa/Mwh0853,345,345,0,1,1.0,0.0,0,0
Dtaa/Mwj0837,345,345,0,1,1.0,0.0,0,0
Dtaa/Mxm0271,745,175,0,74,0.2349,0.0,0,0
Dtaa/Mxm0838,626,345,0,1,0.5511,0.0,242,1
Dtaa/Mzb0206,345,165,0,1,0.4783,0.0,0,0
Dtaa/Mzw0111,413,351,0,50,0.8499,0.0,141,1
Dtaa/Nac0161,708,348,0,55,0.4915,0.0,0,0
Dtaa/Nat0252,265,0,0,1,0.0,0.0,0,0
Dtaa/Naw0939,345,184,0,1,0.5333,0.0,0,0
Dtaa/Nbb0501,345,345,0,1,1.0,0.0,0,0
Dtaa/Nbt0479,624,345,0,1,0.5529,0.0,0,0
Dtaa/Ncw0246,628,181,0,1,0.2882,0.0,0,0
Dtaa/Ndh0524,345,345,0,1,1.0,0.0,0,0
Dtaa/Ndh0807,243,0,0,33,0.0,0.0,0,0
Dtaa/Ndm0893,676,372,1,22,0.5503,0.0015,18,1
Dtaa/Nds0490,439,60,7,37,0.1367,0.0159,136,1
Dtaa/Nep0644,345,156,0,1,0.4522,0.0,0,0
Dtaa/Net0306,345,168,0,1,0.487,0.0,0,0
Dtaa/Nfd0706,719,178,0,59,0.2476,0.0,0,0
Dtaa/Ngc0624,674,9,0,51,0.0134,0.0,0,0
Dtaa/Nhh0566,654,388,3,1,0.5933,0.0046,0,0
Dtaa/Nhl0253,748,32,7,60,0.0428,0.0094,23,1
Dtaa/Nhl0521,671,168,2,29,0.2504,0.003,71,1
Dtaa/Nic0901,345,151,0,1,0.4377,0.0,0,0
Dtaa/Njc0459,345,0,0,1,0.0,0.0,0,0
Dtaa/Njd0267,345,345,0,1,1.0,0.0,0,0
Dtaa/Njh0593,345,0,0,1,0.0,0.0,0,0
Dtaa/Njm0476,345,345,0,1,1.0,0.0,0,0
Dtaa/Njs0448,609,0,0,1,0.0,0.0,0,0
Dtaa/Njw0094,345,0,0,1,0.0,0.0,0,0
Dtaa/Nkm0018,611,345,0,1,0.5646,0.0,0,0
Dtaa/Nld0701,345,345,0,1,1.0,0.0,0,0
Dtaa/Nmc0251,362,345,0,18,0.953,0.0,0,0
Dtaa/Nmr0621,628,180,0,1,0.2866,0.0,0,0
Dtaa/Nnb0443,624,345,0,1,0.5529,0.0,345,1
Dtaa/Nns0898,345,175,0,1,0.5072,0.0,0,0
Dtaa/Nqc0925,345,345,0,1,1.0,0.0,0,0
Dtaa/Nrh0276,345,0,0,1,0.0,0.0,0,0
Dtaa/Nrm0093,367,350,0,21,0.9537,0.0,0,0
Dtaa/Nrs0477,345,345,0,1,1.0,0.0,0,0
Dtaa/Nsc0842,675,182,0,47,0.2696,0.0,100,1
Dtaa/Nsd0763,345,0,0,1,0.0,0.0,0,0
Dtaa/Nsp0910,431,0,0,58,0.0,0.0,310,1
Dtaa/Nto0396,345,345,0,1,1.0,0.0,0,0
Dtaa/Nwc0765,345,180,0,1,0.5217,0.0,0,0
Dtaa/Nwg0682,345,345,0,1,1.0,0.0,0,0
Dtaa/Nwt0708,238,238,0,1,1.0,0.0,0,0
Dtaa/Nzd0771,345,0,0,1,0.0,0.0,0,0
Dtaa/Oar0291,625,345,0,1,0.552,0.0,0,0
Dtaa/Obd0786,630,0,0,1,0.0,0.0,0,0
Dtaa/Obf0564,345,345,0,1,1.0,0.0,0,0
Dtaa/Odw0839,365,5,0,19,0.0137,0.0,134,1
Dtaa/Oes0636,345,0,0,1,0.0,0.0,0,0
Dtaa/Oha0451,345,345,0,1,1.0,0.0,0,0
Dtaa/Ohw0215,345,0,0,1,0.0,0.0,0,0
Dtaa/Oir0424,345,0,0,1,0.0,0.0,0,0
Dtaa/Ojg0866,345,345,0,1,1.0,0.0,0,0
Dtaa/Ojh0425,681,347,0,57,0.5095,0.0,274,1
Dtaa/Okg0160,639,346,0,11,0.5415,0.0,0,0
Dtaa/Olr0984,146,146,0,1,1.0,0.0,0,0
Dtaa/Onb0177,617,345,0,1,0.5592,0.0,0,0
Dtaa/Onq0625,345,0,0,1,0.0,0.0,0,0
Dtaa/Orw0580,345,0,0,1,0.0,0.0,0,0
Dtaa/Osh0281,345,345,0,1,1.0,0.0,0,0
Dtaa/Oss0859,619,345,0,1,0.5574,0.0,0,0
Dtaa/Ots0256,345,345,0,1,1.0,0.0,0,0
Dtaa/Ous0565,358,200,0,1,0.5587,0.0,0,0
Dtaa/Oxc0609,345,345,0,1,1.0,0.0,0,0
Dtaa/Oyr0801,682,227,4,12,0.3328,0.0059,339,1
Dtaa/Ozd0789,345,345,0,1,1.0,0.0,0,0
Dtaa/Ozm0468,345,0,0,1,0.0,0.0,0,0
Dtaa/Pac0722,345,0,0,1,0.0,0.0,0,0
Dtaa/Pag0557,345,0,0,1,0.0,0.0,0,0
Dtaa/Pbh0441,131,0,0,1,0.0,0.0,0,0
Dtaa/Pcm0846,717,65,5,24,0.0907,0.007,15,1
Dtaa/Pco0684,345,0,0,1,0.0,0.0,0,0
Dtaa/Pcs0097,345,0,0,1,0.0,0.0,0,0
Dtaa/Pdb0413,44,0,0,1,0.0,0.0,0,0
Dtaa/Pds0896,345,165,0,1,0.4783,0.0,0,0
Dtaa/Pff0657,345,0,0,1,0.0,0.0,0,0
Dtaa/Pid0096,631,345,0,1,0.5468,0.0,0,0
Dtaa/Pig0194,345,175,0,1,0.5072,0.0,0,0
Dtaa/Pip0746,651,2,0,21,0.0031,0.0,274,1
Dtaa/Pjl0320,692,405,10,22,0.5853,0.0145,0,0
Dtaa/Pjs0809,457,2,0,63,0.0044,0.0,0,0
Dtaa/Pkh0542,549,0,0,1,0.0,0.0,0,0
Dtaa/Pkm0092,652,16,3,24,0.0245,0.0046,0,0
Dtaa/Pkm0411,345,345,0,1,1.0,0.0,0,0
Dtaa/Pmb0702,674,23,1,19,0.0341,0.0015,49,1
Dtaa/Pmg0890,345,0,0,1,0.0,0.0,0,0
Dtaa/Pml0209,345,0,0,1,0.0,0.0,0,0
Dtaa/Prb0157,345,0,0,1,0.0,0.0,0,0
Dtaa/Prb0568,345,345,0,1,1.0,0.0,0,0
Dtaa/Prh0825,345,345,0,1,1.0,0.0,0,0
Dtaa/Prr0982,345,345,0,1,1.0,0.0,0,0
Dtaa/Psp0555,744,347,0,70,0.4664,0.0,142,1
Dtaa/Pth0957,345,0,0,1,0.0,0.0,0,0
Dtaa/Puh0847,396,390,1,1,0.9848,0.0025,138,1
Dtaa/Pvh0124,345,345,0,1,1.0,0.0,0,0
Dtaa/Pvw0713,345,345,0,1,1.0,0.0,0,0
Dtaa/Pxb0069,620,0,0,16,0.0,0.0,310,1
Dtaa/Qam0113,345,345,0,1,1.0,0.0,0,0
Dtaa/Qcd0829,618,345,0,1,0.5583,0.0,0,0
Dtaa/Qgf0292,719,170,0,59,0.2364,0.0,0,0
Dtaa/Qgm0222,345,184,0,1,0.5333,0.0,0,0
Dtaa/Qkr0651,415,14,0,48,0.0337,0.0,243,1
Dtaa/Qlc0632,345,169,0,1,0.4899,0.0,0,0
Dtaa/Qlw0941,719,0,0,60,0.0,0.0,0,0
Dtaa/Qnc0832,733,349,0,68,0.4761,0.0,0,0
Dtaa/Qnk0574,345,0,0,1,0.0,0.0,0,0
Dtaa/Qoh0361,601,0,0,1,0.0,0.0,0,0
Dtaa/Qvm0338,345,0,0,1,0.0,0.0,0,0
Dtaa/Qzd0164,625,0,0,1,0.0,0.0,0,0
Dtaa/Raa0594,345,0,0,1,0.0,0.0,0,0
Dtaa/Rac0282,639,9,3,1,0.0141,0.0047,0,0
Dtaa/Rah0968,418,42,9,31,0.1005,0.0215,35,1
Dtaa/Ray0882,621,0,0,1,0.0,0.0,0,0
Dtaa/Rbb0229,345,345,0,1,1.0,0.0,0,0
Dtaa/Rbc0583,718,14,2,62,0.0195,0.0028,3,1
Dtaa/Rbc0879,681,44,1,10,0.0646,0.0015,324,1
Dtaa/Rby0065,419,371,4,44,0.8854,0.0095,0,0
Dtaa/Rcf0540,345,345,0,1,1.0,0.0,0,0
Dtaa/Rcr0864,345,345,0,1,1.0,0.0,0,0
Dtaa/Rcw0436,345,176,0,1,0.5101,0.0,101,1
Dtaa/Rdg0335,345,0,0,1,0.0,0.0,0,0
Dtaa/Rdg0350,345,345,0,1,1.0,0.0,0,0
Dtaa/Rdh0117,345,345,0,1,1.0,0.0,0,0
Dtaa/Rdp0855,345,345,0,1,1.0,0.0,0,0
Dtaa/Rdt0659,618,0,0,1,0.0,0.0,0,0
Dtaa/Rek0484,339,0,0,1,0.0,0.0,0,0
Dtaa/Rer0237,616,345,0,1,0.5601,0.0,0,0
Dtaa/Res0962,397,350,0,43,0.8816,0.0,207,1
Dtaa/Rhp0688,590,0,0,1,0.0,0.0,236,1
Dtaa/Rig0024,136,61,0,1,0.4485,0.0,0,0
Dtaa/Rim0938,345,0,0,1,0.0,0.0,0,0
Dtaa/Rjp0286,345,345,0,1,1.0,0.0,0,0
Dtaa/Rjp0345,626,165,0,1,0.2636,0.0,0,0
Dtaa/Rjp0874,345,0,0,1,0.0,0.0,0,0
Dtaa/Rjw0590,345,160,0,1,0.4638,0.0,0,0
Dtaa/Rkc0190,345,345,0,1,1.0,0.0,0,0
Dtaa/Rkc0733,345,182,0,1,0.5275,0.0,0,0
Dtaa/Rkd0255,345,345,0,1,1.0,0.0,0,0
Dtaa/Rlc0019,345,164,0,1,0.4754,0.0,0,0
Dtaa/Rlc0442,389,388,1,1,0.9974,0.0026,36,1
Dtaa/Rle0844,345,345,0,1,1.0,0.0,0,0
Dtaa/Rls0935,345,345,0,1,1.0,0.0,0,0
Dtaa/Rls0966,345,0,0,1,0.0,0.0,0,0
Dtaa/Rlw0861,345,184,0,1,0.5333,0.0,0,0
Dtaa/Rme0699,698,167,0,70,0.2393,0.0,274,1
Dtaa/Roc0257,345,345,0,1,1.0,0.0,0,0
Dtaa/Rom0419,345,345,0,1,1.0,0.0,0,0
Dtaa/Rqh0770,646,366,1,1,0.5666,0.0015,66,1
Dtaa/Rrf0245,345,0,0,1,0.0,0.0,0,0
Dtaa/Rrl0780,611,175,0,1,0.2864,0.0,0,0
Dtaa/Rsg0385,345,0,0,1,0.0,0.0,0,0
Dtaa/Rsj0328,345,164,0,1,0.4754,0.0,0,0
Dtaa/Rth0376,44,0,0,1,0.0,0.0,0,0
Dtaa/Rvm0826,345,345,0,1,1.0,0.0,0,0
Dtaa/Rvs0852,746,195,0,76,0.2614,0.0,211,1
Dtaa/Rwd0210,345,345,0,1,1.0,0.0,0,0
Dtaa/Rxe0207,644,161,0,27,0.25,0.0,63,1
Dtaa/Rxm0204,570,0,0,1,0.0,0.0,0,0
Dtaa/Rzw0369,616,345,0,1,0.5601,0.0,0,0
Dtaa/Sae0683,88,88,0,1,1.0,0.0,0,0
Dtaa/Sah0192,674,58,5,1,0.0861,0.0074,225,1
Dtaa/Sam0954,456,0,0,76,0.0,0.0,0,0
Dtaa/Sao0167,345,0,0,1,0.0,0.0,0,0
Dtaa/Sap0304,657,200,3,1,0.3044,0.0046,7,1
Dtaa/Sas0433,345,0,0,1,0.0,0.0,0,0
Dtaa/Sas0601,345,159,0,1,0.4609,0.0,0,0
Dtaa/Sbb0044,345,0,0,1,0.0,0.0,0,0
Dtaa/Sbc0360,345,0,0,1,0.0,0.0,0,0
Dtaa/Sbh0674,678,353,0,48,0.5206,0.0,0,0
Dtaa/Sbk0108,345,0,0,1,0.0,0.0,0,0
Dtaa/Sbm0217,345,345,0,1,1.0,0.0,0,0
Dtaa/Scb0529,345,345,0,1,1.0,0.0,0,0
Dtaa/Scj0498,624,345,0,1,0.5529,0.0,0,0
Dtaa/Sck0576,345,163,0,1,0.4725,0.0,0,0
Dtaa/Scw0707,720,166,0,61,0.2306,0.0,271,1
Dtaa/Sdc0032,698,246,5,18,0.3524,0.0072,207,1
Dtaa/Sdl0679,345,0,0,1,0.0,0.0,0,0
Dtaa/Sdm0333,345,0,0,1,0.0,0.0,0,0
Dtaa/Sdr0010,345,168,0,1,0.487,0.0,0,0
Dtaa/Sef0446,485,270,0,15,0.5567,0.0,132,1
Dtaa/Ser0835,345,0,0,1,0.0,0.0,0,0
Dtaa/Ses0660,19,0,0,1,0.0,0.0,0,0
Dtaa/Sfs0308,345,0,0,1,0.0,0.0,0,0
Dtaa/Sgc0118,345,0,0,1,0.0,0.0,0,0
Dtaa/Sgg0584,618,0,0,1,0.0,0.0,0,0
Dtaa/Sgs0352,345,345,0,1,1.0,0.0,0,0
Dtaa/Shr0025,740,205,5,60,0.277,0.0068,184,1
Dtaa/Shs0608,345,345,0,1,1.0,0.0,0,0
Dtaa/Sht0953,345,345,0,1,1.0,0.0,0,0
Dtaa/Sip0805,345,0,0,1,0.0,0.0,0,0
Dtaa/Sir0586,345,177,0,1,0.513,0.0,0,0
Dtaa/Sja0691,644,345,0,17,0.5357,0.0,137,1
Dtaa/Sjb0751,345,345,0,1,1.0,0.0,0,0
Dtaa/Sjc0487,445,350,0,70,0.7865,0.0,0,0
Dtaa/Sjc0735,345,345,0,1,1.0,0.0,0,0
Dtaa/Sjh0588,699,55,4,20,0.0787,0.0057,321,1
Dtaa/Sjh0907,345,345,0,1,1.0,0.0,0,0
Dtaa/Skb0263,345,0,0,1,0.0,0.0,0,0
Dtaa/Skh0467,642,346,0,15,0.5389,0.0,66,1
Dtaa/Skl0881,629,0,0,1,0.0,0.0,0,0
Dtaa/Skp0270,345,345,0,1,1.0,0.0,0,0
Dtaa/Skw0871,627,345,0,1,0.5502,0.0,278,1
Dtaa/Slc0778,619,345,0,1,0.5574,0.0,345,1
Dtaa/Slg0008,345,172,0,1,0.4986,0.0,0,0
Dtaa/Slm0589,345,175,0,1,0.5072,0.0,0,0
Dtaa/Slm0781,628,345,0,1,0.5494,0.0,0,0
Dtaa/Smc0139,455,171,0,74,0.3758,0.0,0,0
Dtaa/Smd0773,345,345,0,1,1.0,0.0,0,0
Dtaa/Sml0086,604,345,0,1,0.5712,0.0,0,0
Dtaa/Sml0486,612,0,0,1,0.0,0.0,0,0
Dtaa/Smw0913,345,0,0,1,0.0,0.0,0,0
Dtaa/Snd0611,345,162,0,1,0.4696,0.0,0,0
Dtaa/Sog0461,345,154,0,1,0.4464,0.0,0,0
Dtaa/Som0478,432,0,0,59,0.0,0.0,104,1
Dtaa/Spk0818,641,173,0,16,0.2699,0.0,274,1
Dtaa/Srn0275,703,201,7,41,0.2859,0.01,7,1
Dtaa/Ssb0151,345,0,0,1,0.0,0.0,0,0
Dtaa/Ssc0047,627,0,0,1,0.0,0.0,0,0
Dtaa/Ssc0387,345,0,0,1,0.0,0.0,0,0
Dtaa/Ssh0085,345,345,0,1,1.0,0.0,0,0
Dtaa/Ssh0144,716,182,0,56,0.2542,0.0,0,0
Dtaa/Ssv0560,103,51,0,1,0.4951,0.0,0,0
Dtaa/Ssw0815,345,345,0,1,1.0,0.0,0,0
Dtaa/Stc0066,345,345,0,1,1.0,0.0,0,0
Dtaa/Stf0145,682,45,4,8,0.066,0.0059,140,1
Dtaa/Svc0175,345,345,0,1,1.0,0.0,0,0
Dtaa/Svm0756,345,0,0,1,0.0,0.0,0,0
Dtaa/Swm0768,345,345,0,1,1.0,0.0,0,0
Dtaa/Sxh0895,367,350,0,19,0.9537,0.0,0,0
Dtaa/Tao0639,369,1,0,24,0.0027,0.0,134,1
Dtaa/Tch0230,345,0,0,1,0.0,0.0,0,0
Dtaa/Tcr0218,280,136,0,1,0.4857,0.0,0,0
Dtaa/Tdw0348,345,0,0,1,0.0,0.0,0,0
Dtaa/Teg0502,345,177,0,1,0.513,0.0,0,0
Dtaa/Ter0923,345,0,0,1,0.0,0.0,0,0
Dtaa/Tfs0216,345,345,0,1,1.0,0.0,0,0
Dtaa/Tgc0670,710,349,0,56,0.4915,0.0,0,0
Dtaa/Thb0783,345,0,0,1,0.0,0.0,0,0
Dtaa/Thl0671,359,0,0,14,0.0,0.0,0,0
Dtaa/Ths0006,345,0,0,1,0.0,0.0,0,0
Dtaa/Tiw0195,345,0,0,1,0.0,0.0,0,0
Dtaa/Tjp0714,652,10,1,19,0.0153,0.0015,0,0
Dtaa/Tkg0523,345,167,0,1,0.4841,0.0,0,0
Dtaa/Tkh0211,680,396,5,14,0.5824,0.0074,29,1
Dtaa/Tlb0017,412,0,0,49,0.0,0.0,167,1
Dtaa/Tlb0831,345,171,0,1,0.4957,0.0,0,0
Dtaa/Tlv0936,345,345,0,1,1.0,0.0,0,0
Dtaa/Tnb0740,371,0,0,25,0.0,0.0,204,1
Dtaa/Tpc0102,741,375,5,56,0.5061,0.0067,6,1
Dtaa/Tqc0249,365,351,0,21,0.9616,0.0,0,0
Dtaa/Trb0414,713,357,0,63,0.5007,0.0,0,0
Dtaa/Trp0068,345,345,0,1,1.0,0.0,0,0
Dtaa/Trt0979,161,161,0,1,1.0,0.0,0,0
Dtaa/Tsc0431,345,174,0,1,0.5043,0.0,0,0
Dtaa/Tsm0130,617,182,0,1,0.295,0.0,0,0
Dtaa/Ttg0637,345,157,0,1,0.4551,0.0,0,0
Dtaa/Tua0298,715,353,1,53,0.4937,0.0014,0,0
Dtaa/Txr0884,345,0,0,1,0.0,0.0,0,0
Dtaa/Tzb0870,345,345,0,1,1.0,0.0,0,0
Dtaa/Uad0165,345,345,0,1,1.0,0.0,0,0
Dtaa/Ubb0186,345,345,0,1,1.0,0.0,0,0
Dtaa/Ubh0964,623,0,0,1,0.0,0.0,0,0
Dtaa/Ucm0106,345,0,0,1,0.0,0.0,0,0
Dtaa/Ugw0223,44,44,0,1,1.0,0.0,0,0
Dtaa/Ujc0849,345,0,0,1,0.0,0.0,0,0
Dtaa/Ulb0178,635,0,0,19,0.0,0.0,0,0
Dtaa/Umb0449,633,164,0,21,0.2591,0.0,0,0
Dtaa/Umk0142,345,0,0,1,0.0,0.0,0,0
Dtaa/Usb0641,334,334,0,1,1.0,0.0,0,0
Dtaa/Vah0262,685,12,0,51,0.0175,0.0,0,0
Dtaa/Vap0168,617,169,0,1,0.2739,0.0,0,0
Dtaa/Vbw0447,345,0,0,1,0.0,0.0,0,0
Dtaa/Vcg0663,714,351,0,60,0.4916,0.0,177,1
Dtaa/Vdp0070,345,0,0,1,0.0,0.0,0,0
Dtaa/Vfp0669,735,348,0,67,0.4735,0.0,198,1
Dtaa/Vfs0231,345,183,0,1,0.5304,0.0,0,0
Dtaa/Vft0014,345,0,0,1,0.0,0.0,0,0
Dtaa/Vir0488,345,161,0,1,0.4667,0.0,0,0
Dtaa/Vjd0704,345,0,0,1,0.0,0.0,0,0
Dtaa/Vkb0605,345,0,0,1,0.0,0.0,72,1
Dtaa/Vma0051,639,0,0,12,0.0,0.0,208,1
Dtaa/Vmf0423,205,0,0,1,0.0,0.0,0,0
Dtaa/Vmm0309,461,167,0,69,0.3623,0.0,0,0
Dtaa/Vnm0127,384,39,5,1,0.1016,0.013,155,1
Dtaa/Vuf0522,610,182,0,1,0.2984,0.0,0,0
Dtaa/Wab0970,345,0,0,1,0.0,0.0,0,0
Dtaa/Wah0813,345,177,0,1,0.513,0.0,0,0
Dtaa/Wbw0591,345,345,0,1,1.0,0.0,0,0
Dtaa/Wcb0440,345,180,0,1,0.5217,0.0,0,0
Dtaa/Wcm0391,345,0,0,1,0.0,0.0,0,0
Dtaa/Wcn0570,371,364,4,8,0.9811,0.0108,103,1
Dtaa/Wdw0064,345,0,0,1,0.0,0.0,0,0
Dtaa/Wdw0198,345,0,0,1,0.0,0.0,0,0
Dtaa/Wdw0485,682,0,0,50,0.0,0.0,312,1
Dtaa/Wfh0909,345,345,0,1,1.0,0.0,0,0
Dtaa/Wfl0495,294,153,0,22,0.5204,0.0,0,0
Dtaa/Wgl0515,345,345,0,1,1.0,0.0,0,0
Dtaa/Wjg0153,626,0,0,1,0.0,0.0,101,1
Dtaa/Wjr0592,345,178,0,1,0.5159,0.0,0,0
Dtaa/Wkh0407,609,0,0,1,0.0,0.0,0,0
Dtaa/Wlb0169,613,173,0,1,0.2822,0.0,0,0
Dtaa/Wmj0364,626,185,0,1,0.2955,0.0,207,1
Dtaa/Wns0816,631,0,0,1,0.0,0.0,0,0
Dtaa/Wot0549,723,385,0,47,0.5325,0.0,181,1
Dtaa/Wph0764,345,0,0,1,0.0,0.0,0,0
Dtaa/Wsl0470,626,0,0,1,0.0,0.0,0,0
Dtaa/Wta0867,378,378,7,1,1.0,0.0185,33,1
Dtaa/Wwc0894,345,0,0,1,0.0,0.0,0,0
Dtaa/Xcb0445,407,358,1,50,0.8796,0.0025,0,0
Dtaa/Xgb0052,345,0,0,1,0.0,0.0,0,0
Dtaa/Xhn0227,345,345,0,1,1.0,0.0,0,0
Dtaa/Xin0791,360,190,4,1,0.5278,0.0111,0,0
Dtaa/Xkr0971,345,169,0,1,0.4899,0.0,205,1
Dtaa/Xqw0354,716,0,0,69,0.0,0.0,180,1
Dtaa/Xrp0435,345,0,0,1,0.0,0.0,0,0
Dtaa/Xxd0650,345,345,0,1,1.0,0.0,0,0
Dtaa/Ycb0005,625,345,0,1,0.552,0.0,345,1
Dtaa/Ycb0967,345,345,0,1,1.0,0.0,0,0
Dtaa/Ycd0922,345,345,0,1,1.0,0.0,0,0
Dtaa/Ycs0667,345,175,0,1,0.5072,0.0,0,0
Dtaa/Ycv0635,345,179,0,1,0.5188,0.0,107,1
Dtaa/Yjj0129,431,354,0,59,0.8213,0.0,0,0
Dtaa/Ylo0362,345,0,0,1,0.0,0.0,0,0
Dtaa/Yqw0689,692,350,0,52,0.5058,0.0,138,1
Dtaa/Ysh0268,345,162,0,1,0.4696,0.0,0,0
Dtaa/Yvf0045,720,166,0,67,0.2306,0.0,0,0
Dtaa/Zab0889,669,208,6,1,0.3109,0.009,37,1
Dtaa/Zbh0980,345,0,0,1,0.0,0.0,0,0
Dtaa/Zbm0626,345,345,0,1,1.0,0.0,0,0
Dtaa/Zca0652,629,0,0,1,0.0,0.0,0,0
Dtaa/Zch0336,345,345,0,1,1.0,0.0,0,0
Dtaa/Zgh0528,627,0,0,1,0.0,0.0,0,0
Dtaa/Zke0662,624,345,0,1,0.5529,0.0,0,0
Dtaa/Zkh0388,674,349,0,44,0.5178,0.0,141,1
Dtaa/Zkn0548,345,0,0,1,0.0,0.0,0,0
Dtaa/Zrr0705,345,0,0,1,0.0,0.0,0,0
